{
  "project_info": {
    "project_number": "318228937848",
    "firebase_url": "https://cafebazar-4688d.firebaseio.com",
    "project_id": "cafebazar-4688d",
    "storage_bucket": "cafebazar-4688d.appspot.com"
  },
  "client": [
    {
      "client_info": {
        "mobilesdk_app_id": "1:318228937848:android:c93c49411f406af1",
        "android_client_info": {
          "package_name": "apps.cafebazaar.all.apps"
        }
      },
      "oauth_client": [
        {
          "client_id": "318228937848-ksldo4pkpgobmqlrs8vn5h1r2nl959g2.apps.googleusercontent.com",
          "client_type": 3
        }
      ],
      "api_key": [
        {
          "current_key": "AIzaSyCJzCYGq_59Ix_gvEaCpWlc_8mQ4JvP6SE"
        }
      ],
      "services": {
        "appinvite_service": {
          "other_platform_oauth_client": [
            {
              "client_id": "318228937848-ksldo4pkpgobmqlrs8vn5h1r2nl959g2.apps.googleusercontent.com",
              "client_type": 3
            }
          ]
        }
      }
    }
  ],
  "configuration_version": "1"
}